study,outcome_label,account_label,treatment,estimate,std.error,conf.low,conf.high
Study 1,Signed,Unknown,Follower,0.03999999999999995,0.013431759462405858,0.013604021438210347,0.06639597856178955
Study 1,Signed,Unknown,Organizer,0.021739130434782553,0.014933980251526289,-0.007608999545120305,0.051087260414685406
Study 1,Signed,Male,Follower,0.04795737122557756,0.006744160767516364,0.03473282113552734,0.06118192131562778
Study 1,Signed,Male,Organizer,0.03654485049833913,0.006586385565886541,0.023629680052227882,0.04946002094445038
Study 1,Signed,Female,Follower,0.05336426914153129,0.008208141854356952,0.037266999543722173,0.06946153873934041
Study 1,Signed,Female,Organizer,0.04772234273318892,0.008012041513666305,0.0320096522652646,0.06343503320111324
Study 1,Signed,Organization,Follower,0.010498687664041904,0.004261365835087671,0.002140342382269955,0.018857032945813854
Study 1,Signed,Organization,Organizer,0.011594202898550713,0.004414957637354612,0.0029345989674447234,0.020253806829656704
Study 1,Tweeted,Unknown,Follower,0.048000000000000084,0.01430958843923209,0.01987891945748512,0.07612108054251504
Study 1,Tweeted,Unknown,Organizer,0.021739130434782605,0.015909986458370048,-0.009527038576725048,0.05300529944629026
Study 1,Tweeted,Male,Follower,0.026642984014209815,0.005056130795607068,0.016728473184276685,0.036557494844142946
Study 1,Tweeted,Male,Organizer,0.019933554817275986,0.0049378459439786805,0.010250987441714246,0.029616122192837727
Study 1,Tweeted,Female,Follower,0.027842227378190264,0.005410030208889802,0.017232430867599464,0.038452023888781064
Study 1,Tweeted,Female,Organizer,0.015184381778742019,0.005280779425224697,0.004828063430115596,0.02554070012736844
Study 1,Tweeted,Organization,Follower,0.020997375328083816,0.004980202871791452,0.011229085820302374,0.030765664835865257
Study 1,Tweeted,Organization,Organizer,0.008695652173913038,0.0051597036150590634,-0.0014247144022608484,0.018816018750086927
Study 2,Signed,Male,Follower,0.06224489795918269,0.007317756605337217,0.04789716541865612,0.07659263049970927
Study 2,Signed,Male,Organizer,0.05147058823529423,0.007381062693024383,0.03699873311686447,0.065942443353724
Study 2,Signed,Female,Follower,0.04374240583232134,0.007696745509043374,0.028650528739092226,0.05883428292555046
Study 2,Signed,Female,Organizer,0.052571428571429095,0.007564739101345573,0.037738391331765764,0.06740446581109243
Study 2,Signed,Unknown,Follower,0.049645390070922064,0.016332935365240404,0.017552839982664298,0.08173794015917983
Study 2,Signed,Unknown,Organizer,0.02702702702702703,0.016106723855281273,-0.004621040544673799,0.058675094598727856
Study 2,Signed,Organization,Follower,0.018050541516245418,0.005397056461911843,0.007465665175648015,0.028635417856842822
Study 2,Signed,Organization,Organizer,0.014842300556586264,0.005440859174452527,0.004171516962859691,0.025513084150312837
Study 2,Tweeted,Male,Follower,0.019387755102040247,0.004212812841199718,0.011127803979213308,0.02764770622486719
Study 2,Tweeted,Male,Organizer,0.016806722689075706,0.004249257986005449,0.008475314531220845,0.02513813084693057
Study 2,Tweeted,Female,Follower,0.009720534629404611,0.003575016904947827,0.0027105957309058286,0.016730473527903394
Study 2,Tweeted,Female,Organizer,0.010285714285714264,0.003513702010421747,0.0033960024170795527,0.017175426154348975
Study 2,Tweeted,Unknown,Follower,0.021276595744680864,0.009970517574167984,0.0016855468915875464,0.040867644597774186
Study 2,Tweeted,Unknown,Organizer,0.00675675675675673,0.009832425688962424,-0.012562955643724838,0.026076469157238297
Study 2,Tweeted,Organization,Follower,0.010830324909747276,0.0036118676757868136,0.0037466167854002808,0.017914033034094272
Study 2,Tweeted,Organization,Organizer,0.0037105751391466337,0.0036411817292257577,-0.003430624625853492,0.010851774904146759
