covariate,label,treat,mean,se,p_value
fem_dum,Account type: female,pub,0.3089232438296706,0.0076104576017574305,NA
fem_dum,Account type: female,fol,0.2873333333333336,0.011687871069875093,NA
fem_dum,Account type: female,org,0.30733333333333346,0.011916978642131143,NA
male_dum,Account type: male,pub,0.3807973962571172,0.007998079314689918,NA
male_dum,Account type: male,fol,0.37533333333333396,0.012506388553505285,NA
male_dum,Account type: male,org,0.40133333333333315,0.01266030995768823,NA
org_dum,Account type: organization,pub,0.24491456468673653,0.0070831703644703885,NA
org_dum,Account type: organization,fol,0.2540000000000012,0.011243084005673787,NA
org_dum,Account type: organization,org,0.23000000000000098,0.01086947240149472,NA
unk_dum,Account type: unknown,pub,0.06536479522647118,0.004071133601833733,0.07183590355564326
unk_dum,Account type: unknown,fol,0.08333333333333331,0.007138620258288922,0.07183590355564326
unk_dum,Account type: unknown,org,0.061333333333333157,0.006197309211640187,0.07183590355564326
num_followers,Number of followers,pub,596.2403037700062,14.145594366891775,0.31248373186476136
num_followers,Number of followers,fol,616.6026666666615,22.09915578295857,0.31248373186476136
num_followers,Number of followers,org,635.7326666666629,23.357181286141557,0.31248373186476136
days_on_twitter,Days on Twitter,pub,1631.4378632714945,8.983096159288733,0.9101901767219455
days_on_twitter,Days on Twitter,fol,1637.3621511232054,14.189151209734984,0.9101901767219455
days_on_twitter,Days on Twitter,org,1637.1794177386707,14.153273798121646,0.9101901767219455
centrality,Eigenvector centrality,pub,0.038752985960708294,0.0013289453931997009,0.9602650511488404
centrality,Eigenvector centrality,fol,0.038116923796750433,0.0019445008061678784,0.9602650511488404
centrality,Eigenvector centrality,org,0.03831269652754483,0.002039639640148586,0.9602650511488404
n,N,org,1500,NA,NA
n,N,pub,3687,NA,NA
n,N,fol,1500,NA,NA
omnibus,Omnibus p-value,NA,0.579,NA,NA
