model,term,estimate,std.error,statistic,p.value,conf.low,conf.high,nobs,r_squared
signed x centrality_centered,(Intercept),1.5550032788661311e-16,5.076652311901495e-11,3.063048606304287e-6,0.9999975561322582,-9.951843068222405e-11,9.951874168287983e-11,6687,0.021569910639525514
signed x centrality_centered,treatfol,0.03930264537453219,0.005015255358947865,7.836618987787168,5.349600224319701e-15,0.029471144377371854,0.04913414637169252,6687,0.021569910639525514
signed x centrality_centered,treatorg,0.03334798413319458,0.004641281422199282,7.185081252278936,7.445693652148087e-13,0.02424959139651313,0.042446376869876026,6687,0.021569910639525514
signed x centrality_centered,centrality_centered,-1.2854405002582779e-17,NA,NA,NA,NA,NA,6687,0.021569910639525514
signed x centrality_centered,treatfol:centrality_centered,-0.006153127385081455,0.0032382833184794483,-1.9001201500709597,0.05746036497504566,-0.01250119610663054,1.949413364676295e-4,6687,0.021569910639525514
signed x centrality_centered,treatorg:centrality_centered,0.005829741409466131,0.008658273399589637,0.6733145444151065,0.5007704917584066,-0.011143237525670317,0.022802720344602578,6687,0.021569910639525514
signed x num_followers_centered,(Intercept),1.516275043189628e-16,NA,NA,NA,NA,NA,6687,0.02106112572714991
signed x num_followers_centered,treatfol,0.03937714691992046,0.0050251007291023855,7.836091064179374,5.371922612744264e-15,0.029526345855353013,0.04922794798448791,6687,0.02106112572714991
signed x num_followers_centered,treatorg,0.03337935110273078,0.0046448977140443005,7.186240291536466,7.383271953742417e-13,0.024273869279983772,0.04248483292547778,6687,0.02106112572714991
signed x num_followers_centered,num_followers_centered,3.9726621715935623e-19,NA,NA,NA,NA,NA,6687,0.02106112572714991
signed x num_followers_centered,treatfol:num_followers_centered,-0.005487662089875984,0.0033085224995506044,-1.6586443316076502,0.09723442396696359,-0.01197342202140678,9.980978416548117e-4,6687,0.02106112572714991
signed x num_followers_centered,treatorg:num_followers_centered,-0.0015336943306568762,0.003859004433214322,-0.3974326428486115,0.6910611444649033,-0.009098574524743748,0.006031185863429996,6687,0.02106112572714991
signed x days_on_twitter_centered,(Intercept),1.6181037284635354e-16,2.3061333735943253e-11,7.016522751854412e-6,0.9999944018343105,-4.5207411761381984e-11,4.520773538212768e-11,6687,0.020681446577476836
signed x days_on_twitter_centered,treatfol,0.039345693397291874,0.00502452920891682,7.830722394342286,5.604201138948159e-15,0.029496012694674542,0.049195374099909206,6687,0.020681446577476836
signed x days_on_twitter_centered,treatorg,0.03332974005843206,0.004637434292323215,7.187107775005231,7.336888872593884e-13,0.02423888892402322,0.042420591192840904,6687,0.020681446577476836
signed x days_on_twitter_centered,days_on_twitter_centered,-8.041267649960618e-19,4.820811496229107e-11,-1.668031960231299e-8,0.9999999866915286,-9.450329054736624e-11,9.450328893911271e-11,6687,0.020681446577476836
signed x days_on_twitter_centered,treatfol:days_on_twitter_centered,-0.0020687153526665306,0.0061711070349199214,-0.3352259717681878,0.7374651565986243,-0.014166054495957208,0.010028623790624148,6687,0.020681446577476836
signed x days_on_twitter_centered,treatorg:days_on_twitter_centered,6.331650457189369e-4,0.004602499673425063,0.13756981871717366,0.8905845554497653,-0.008389203087137484,0.009655533178575358,6687,0.020681446577476836
signed x account_type,(Intercept),4.899739660902914e-16,9.89618151694718e-11,4.9511416625817995e-6,0.9999960497084628,-1.9399628054947488e-10,1.9399726049740704e-10,6687,0.02733757647510282
signed x account_type,treatfol,0.05336426914153045,0.010838832418081068,4.923433362850921,8.708167077093739e-7,0.032116695198473315,0.0746118430845876,6687,0.02733757647510282
signed x account_type,treatorg,0.04772234273318902,0.009939482177182794,4.801290638937012,1.61080984656411e-6,0.028237782554632485,0.06720690291174555,6687,0.02733757647510282
signed x account_type,account_typemale,-8.91394815757182e-17,1.389181498151614e-10,-6.416690813570683e-7,0.9999994880413217,-2.7232403939323986e-10,2.7232386111427673e-10,6687,0.02733757647510282
signed x account_type,account_typeorg,-5.587814096275653e-17,1.7244098913993335e-11,-3.2404210415084217e-6,0.9999974146149132,-3.3803998279284955e-11,3.3803886523003033e-11,6687,0.02733757647510282
signed x account_type,account_typeunknown,1.6197623693330159e-16,2.047858330521184e-10,7.909543083093952e-7,0.999999368933405,-4.014454884802526e-10,4.014458124327265e-10,6687,0.02733757647510282
signed x account_type,treatfol:account_typemale,-0.005406897915954216,0.014096855087801107,-0.3835534863824446,0.7013216356843126,-0.033041237048549055,0.022227441216640626,6687,0.02733757647510282
signed x account_type,treatorg:account_typemale,-0.011177492234849578,0.012545033771996734,-0.8909894096738258,0.37296696543736485,-0.03576976586793897,0.013414781398239817,6687,0.02733757647510282
signed x account_type,treatfol:account_typeorg,-0.04286558147748939,0.01203404979877063,-3.5620246047069237,3.705719913741971e-4,-0.0664561632921199,-0.019274999662858883,6687,0.02733757647510282
signed x account_type,treatorg:account_typeorg,-0.03612813983463795,0.011493764058084395,-3.1432818397926328,0.0016779691960698783,-0.05865958900630408,-0.013596690662971825,6687,0.02733757647510282
signed x account_type,treatfol:account_typeunknown,-0.013364269141531543,0.020667793968929038,-0.6466229130028458,0.5178982574095157,-0.05387974753034093,0.027151209247277847,6687,0.02733757647510282
signed x account_type,treatorg:account_typeunknown,-0.02598321229840607,0.018234350955590797,-1.4249595371772423,0.15421565113033708,-0.06172836503148639,0.009761940434674252,6687,0.02733757647510282
tweeted x centrality_centered,(Intercept),2.3234102365169285e-16,4.0177517801851404e-11,5.782861569436887e-6,0.9999953861166891,-7.876052420302519e-11,7.87609888850725e-11,6687,0.013825266456133578
tweeted x centrality_centered,treatfol,0.027320187022426317,0.004209281681174579,6.490463003369913,9.170786801349142e-11,0.0190686516400927,0.035571722404759934,6687,0.013825266456133578
tweeted x centrality_centered,treatorg,0.015994321597447275,0.0032393095534020444,4.937571211942199,8.102131477168996e-7,0.009644241127952629,0.02234440206694192,6687,0.013825266456133578
tweeted x centrality_centered,centrality_centered,-2.013976161264923e-18,NA,NA,NA,NA,NA,6687,0.013825266456133578
tweeted x centrality_centered,treatfol:centrality_centered,-0.002635917435110812,0.0023004602809474886,-1.1458217544295783,0.25190995146536255,-0.007145553720272516,0.0018737188500508911,6687,0.013825266456133578
tweeted x centrality_centered,treatorg:centrality_centered,-0.0022595092975259447,0.0012064057815898248,-1.8729264497956233,0.061122175883116,-0.0046244496237486535,1.0543102869676416e-4,6687,0.013825266456133578
tweeted x num_followers_centered,(Intercept),2.223333984045143e-16,2.461115915477567e-11,9.033845054038084e-6,0.9999927923042206,-4.8245503647383895e-11,4.82459483141807e-11,6687,0.01402481411226053
tweeted x num_followers_centered,treatfol,0.027361628656694253,0.004215377313706517,6.490908552296495,9.143872662687826e-11,0.019098143889328997,0.03562511342405951,6687,0.01402481411226053
tweeted x num_followers_centered,treatorg,0.016080270277850982,0.0032571296872687086,4.93694504726191,8.128082908675325e-7,0.009695256659126546,0.02246528389657542,6687,0.01402481411226053
tweeted x num_followers_centered,num_followers_centered,-3.4293235965347255e-18,NA,NA,NA,NA,NA,6687,0.01402481411226053
tweeted x num_followers_centered,treatfol:num_followers_centered,-0.003543995947970293,0.0026345933366766763,-1.3451776024153896,0.17861354385813794,-0.008708639652589674,0.001620647756649089,6687,0.01402481411226053
tweeted x num_followers_centered,treatorg:num_followers_centered,-0.002675272436568244,0.001936304997210059,-1.3816379343248777,0.16712909912805163,-0.006471048154531067,0.0011205032813945792,6687,0.01402481411226053
tweeted x days_on_twitter_centered,(Intercept),2.371260037379794e-16,NA,NA,NA,NA,NA,6687,0.013909156324173666
tweeted x days_on_twitter_centered,treatfol,0.027356454532522924,0.004215610500062871,6.489322135456995,9.240056515972212e-11,0.019092512645483603,0.035620396419562245,6687,0.013909156324173666
tweeted x days_on_twitter_centered,treatorg,0.0159974455401003,0.0032415450166606123,4.9351298402083,8.203767613275035e-7,0.009642982849226536,0.022351908230974063,6687,0.013909156324173666
tweeted x days_on_twitter_centered,days_on_twitter_centered,-1.1491722513890499e-18,NA,NA,NA,NA,NA,6687,0.013909156324173666
tweeted x days_on_twitter_centered,treatfol:days_on_twitter_centered,-0.0038698165233408723,0.004879844123683844,-0.7930205197660102,0.4277940280166579,-0.013435868286266354,0.00569623523958461,6687,0.013909156324173666
tweeted x days_on_twitter_centered,treatorg:days_on_twitter_centered,4.5011716706309674e-4,0.0034055867020529895,0.13217022687801566,0.8948536300813366,-0.006225919576990954,0.0071261539111171475,6687,0.013909156324173666
tweeted x account_type,(Intercept),2.339646267546624e-16,8.422776775507944e-11,2.777761218069951e-6,0.9999977837502176,-1.6511309691862123e-10,1.6511356484787473e-10,6687,0.015115638556735145
tweeted x account_type,treatfol,0.02784222737818953,0.007933889300030297,3.5092785297726814,4.522870395825756e-4,0.012289269914135606,0.04339518484224345,6687,0.015115638556735145
tweeted x account_type,treatorg,0.015184381778741995,0.005701604718570494,2.663176864801849,0.007759250614315706,0.004007415185013822,0.026361348372470166,6687,0.015115638556735145
tweeted x account_type,account_typemale,3.880885925660867e-17,6.611438015711812e-11,5.869957362434769e-7,0.9999995316627058,-1.2960526616332156e-10,1.296053437810401e-10,6687,0.015115638556735145
tweeted x account_type,account_typeorg,1.215623761410521e-17,NA,NA,NA,NA,NA,6687,0.015115638556735145
tweeted x account_type,account_typeunknown,3.188233192461565e-16,2.8172859308423078e-11,1.131668304433818e-5,0.9999909709314934,-5.5227485081507924e-11,5.5228122728146415e-11,6687,0.015115638556735145
tweeted x account_type,treatfol:account_typemale,-0.0011992433639805024,0.010444662201076286,-0.11481877928583699,0.9085922172769321,-0.021674117766265263,0.01927563103830426,6687,0.015115638556735145
tweeted x account_type,treatorg:account_typemale,0.004749173038533858,0.008063154868458893,0.5889968772783308,0.5558832998834533,-0.011057186232793708,0.020555532309861426,6687,0.015115638556735145
tweeted x account_type,treatfol:account_typeorg,-0.006844852050106257,0.010818623482214355,-0.6326915860746134,0.5269567378193145,-0.02805281002323455,0.014363105923022035,6687,0.015115638556735145
tweeted x account_type,treatorg:account_typeorg,-0.006488729604828843,0.007587262075763007,-0.8552135856169577,0.39246361126218465,-0.021362186981215593,0.008384727771557906,6687,0.015115638556735145
tweeted x account_type,treatfol:account_typeunknown,0.020157772621809313,0.020771680925177984,0.9704449386845465,0.331859920359031,-0.0205613573873477,0.06087690263096633,6687,0.015115638556735145
tweeted x account_type,treatorg:account_typeunknown,0.006554748656040338,0.016315837250596276,0.40174148315930214,0.6878871533232581,-0.02542950435691528,0.03853900166899596,6687,0.015115638556735145
