file,variant,expression,first_line,kind,status,message
LCV Experiments 1 and 2 analysis.R,as shipped,NA,NA,whole script,error,the condition has length > 1
LCV Appendix analysis.R,as shipped,NA,NA,whole script,error,"unused argument (condition_names = c(""pub"", ""fol"", ""org""))"
LCV Experiments 1 and 2 analysis.R,repaired,1,4,computation,ok,
LCV Experiments 1 and 2 analysis.R,repaired,2,8,data or source load,ok,
LCV Experiments 1 and 2 analysis.R,repaired,3,9,data or source load,ok,
LCV Experiments 1 and 2 analysis.R,repaired,4,10,data or source load,ok,
LCV Experiments 1 and 2 analysis.R,repaired,5,11,package load,ok,
LCV Experiments 1 and 2 analysis.R,repaired,6,12,package load,ok,
LCV Experiments 1 and 2 analysis.R,repaired,7,13,package load,ok,
LCV Experiments 1 and 2 analysis.R,repaired,8,14,package load,ok,
LCV Experiments 1 and 2 analysis.R,repaired,9,17,computation,ok,
LCV Experiments 1 and 2 analysis.R,repaired,10,26,computation,ok,
LCV Experiments 1 and 2 analysis.R,repaired,11,34,computation,ok,
LCV Experiments 1 and 2 analysis.R,repaired,12,45,computation,ok,
LCV Experiments 1 and 2 analysis.R,repaired,13,46,computation,ok,
LCV Experiments 1 and 2 analysis.R,repaired,14,48,computation,ok,
LCV Experiments 1 and 2 analysis.R,repaired,15,49,computation,ok,
LCV Experiments 1 and 2 analysis.R,repaired,16,51,computation,ok,
LCV Experiments 1 and 2 analysis.R,repaired,17,52,computation,ok,
LCV Experiments 1 and 2 analysis.R,repaired,18,54,computation,ok,
LCV Experiments 1 and 2 analysis.R,repaired,19,56,computation,ok,
LCV Experiments 1 and 2 analysis.R,repaired,20,63,computation,ok,
LCV Experiments 1 and 2 analysis.R,repaired,21,64,computation,ok,
LCV Experiments 1 and 2 analysis.R,repaired,22,67,computation,ok,
LCV Experiments 1 and 2 analysis.R,repaired,23,68,computation,ok,
LCV Experiments 1 and 2 analysis.R,repaired,24,71,computation,ok,
LCV Experiments 1 and 2 analysis.R,repaired,25,72,computation,ok,
LCV Experiments 1 and 2 analysis.R,repaired,26,73,computation,ok,
LCV Experiments 1 and 2 analysis.R,repaired,27,75,computation,ok,
LCV Experiments 1 and 2 analysis.R,repaired,28,76,computation,ok,
LCV Experiments 1 and 2 analysis.R,repaired,29,80,computation,ok,
LCV Experiments 1 and 2 analysis.R,repaired,30,81,computation,ok,
LCV Experiments 1 and 2 analysis.R,repaired,31,83,computation,ok,
LCV Experiments 1 and 2 analysis.R,repaired,32,84,computation,ok,
LCV Experiments 1 and 2 analysis.R,repaired,33,86,computation,ok,
LCV Experiments 1 and 2 analysis.R,repaired,34,88,computation,ok,
LCV Experiments 1 and 2 analysis.R,repaired,35,94,computation,ok,
LCV Experiments 1 and 2 analysis.R,repaired,36,97,computation,ok,
LCV Experiments 1 and 2 analysis.R,repaired,37,98,computation,ok,
LCV Experiments 1 and 2 analysis.R,repaired,38,101,computation,ok,
LCV Experiments 1 and 2 analysis.R,repaired,39,102,computation,ok,
LCV Experiments 1 and 2 analysis.R,repaired,40,103,computation,ok,
LCV Experiments 1 and 2 analysis.R,repaired,41,105,computation,ok,
LCV Experiments 1 and 2 analysis.R,repaired,42,106,computation,ok,
LCV Experiments 1 and 2 analysis.R,repaired,43,112,stargazer call,ok,
LCV Experiments 1 and 2 analysis.R,repaired,44,128,stargazer call,ok,
LCV Experiments 1 and 2 analysis.R,repaired,45,142,stargazer call,error,the condition has length > 1
LCV Experiments 1 and 2 analysis.R,repaired,46,158,stargazer call,ok,
LCV Experiments 1 and 2 analysis.R,repaired,47,174,stargazer call,ok,
LCV Experiments 1 and 2 analysis.R,repaired,48,188,stargazer call,error,the condition has length > 1
LCV Experiments 1 and 2 analysis.R,repaired,49,205,computation,ok,
LCV Experiments 1 and 2 analysis.R,repaired,50,210,computation,ok,
LCV Experiments 1 and 2 analysis.R,repaired,51,224,computation,ok,
LCV Experiments 1 and 2 analysis.R,repaired,52,228,computation,ok,
LCV Experiments 1 and 2 analysis.R,repaired,53,229,computation,ok,
LCV Experiments 1 and 2 analysis.R,repaired,54,231,computation,ok,
LCV Experiments 1 and 2 analysis.R,repaired,55,243,ggsave call,ok,
LCV Appendix analysis.R,repaired,1,4,computation,ok,
LCV Appendix analysis.R,repaired,2,7,data or source load,ok,
LCV Appendix analysis.R,repaired,3,8,data or source load,ok,
LCV Appendix analysis.R,repaired,4,9,data or source load,ok,
LCV Appendix analysis.R,repaired,5,10,package load,ok,
LCV Appendix analysis.R,repaired,6,11,package load,ok,
LCV Appendix analysis.R,repaired,7,12,package load,ok,
LCV Appendix analysis.R,repaired,8,13,package load,ok,
LCV Appendix analysis.R,repaired,9,14,package load,ok,
LCV Appendix analysis.R,repaired,10,17,package load,ok,
LCV Appendix analysis.R,repaired,11,21,computation,ok,
LCV Appendix analysis.R,repaired,12,43,computation,ok,
LCV Appendix analysis.R,repaired,13,44,computation,ok,
LCV Appendix analysis.R,repaired,14,45,computation,ok,
LCV Appendix analysis.R,repaired,15,46,computation,ok,
LCV Appendix analysis.R,repaired,16,48,computation,ok,
LCV Appendix analysis.R,repaired,17,51,computation,ok,
LCV Appendix analysis.R,repaired,18,52,computation,ok,
LCV Appendix analysis.R,repaired,19,53,computation,ok,
LCV Appendix analysis.R,repaired,20,54,computation,ok,
LCV Appendix analysis.R,repaired,21,57,computation,ok,
LCV Appendix analysis.R,repaired,22,66,computation,ok,
LCV Appendix analysis.R,repaired,23,67,computation,ok,
LCV Appendix analysis.R,repaired,24,68,computation,ok,
LCV Appendix analysis.R,repaired,25,70,xtable call,ok,
LCV Appendix analysis.R,repaired,26,78,computation,ok,
LCV Appendix analysis.R,repaired,27,79,computation,ok,
LCV Appendix analysis.R,repaired,28,80,computation,ok,
LCV Appendix analysis.R,repaired,29,82,computation,ok,
LCV Appendix analysis.R,repaired,30,83,computation,ok,
LCV Appendix analysis.R,repaired,31,84,computation,ok,
LCV Appendix analysis.R,repaired,32,85,simulation loop,ok,
LCV Appendix analysis.R,repaired,33,92,base graphics call,ok,
LCV Appendix analysis.R,repaired,34,93,base graphics call,ok,
LCV Appendix analysis.R,repaired,35,94,computation,ok,
LCV Appendix analysis.R,repaired,36,99,computation,ok,
LCV Appendix analysis.R,repaired,37,121,computation,ok,
LCV Appendix analysis.R,repaired,38,127,computation,ok,
LCV Appendix analysis.R,repaired,39,133,computation,ok,
LCV Appendix analysis.R,repaired,40,139,computation,ok,
LCV Appendix analysis.R,repaired,41,145,computation,ok,
LCV Appendix analysis.R,repaired,42,148,computation,ok,
LCV Appendix analysis.R,repaired,43,149,computation,ok,
LCV Appendix analysis.R,repaired,44,150,computation,ok,
LCV Appendix analysis.R,repaired,45,151,computation,ok,
LCV Appendix analysis.R,repaired,46,153,computation,ok,
LCV Appendix analysis.R,repaired,47,162,computation,ok,
LCV Appendix analysis.R,repaired,48,163,computation,ok,
LCV Appendix analysis.R,repaired,49,164,computation,ok,
LCV Appendix analysis.R,repaired,50,166,xtable call,ok,
LCV Appendix analysis.R,repaired,51,173,computation,ok,
LCV Appendix analysis.R,repaired,52,174,computation,ok,
LCV Appendix analysis.R,repaired,53,175,computation,ok,
LCV Appendix analysis.R,repaired,54,177,computation,ok,
LCV Appendix analysis.R,repaired,55,178,computation,ok,
LCV Appendix analysis.R,repaired,56,179,computation,ok,
LCV Appendix analysis.R,repaired,57,180,simulation loop,ok,
LCV Appendix analysis.R,repaired,58,187,base graphics call,ok,
LCV Appendix analysis.R,repaired,59,188,base graphics call,ok,
LCV Appendix analysis.R,repaired,60,189,computation,ok,
LCV Appendix analysis.R,repaired,61,195,computation,ok,
LCV Appendix analysis.R,repaired,62,196,computation,ok,
LCV Appendix analysis.R,repaired,63,197,computation,ok,
LCV Appendix analysis.R,repaired,64,198,computation,ok,
LCV Appendix analysis.R,repaired,65,199,computation,ok,
LCV Appendix analysis.R,repaired,66,200,computation,ok,
LCV Appendix analysis.R,repaired,67,201,computation,ok,
LCV Appendix analysis.R,repaired,68,202,computation,ok,
LCV Appendix analysis.R,repaired,69,206,stargazer call,error,the condition has length > 1
LCV Appendix analysis.R,repaired,70,231,computation,ok,
LCV Appendix analysis.R,repaired,71,232,computation,ok,
LCV Appendix analysis.R,repaired,72,233,computation,ok,
LCV Appendix analysis.R,repaired,73,234,computation,ok,
LCV Appendix analysis.R,repaired,74,235,computation,ok,
LCV Appendix analysis.R,repaired,75,236,computation,ok,
LCV Appendix analysis.R,repaired,76,237,computation,ok,
LCV Appendix analysis.R,repaired,77,238,computation,ok,
LCV Appendix analysis.R,repaired,78,241,stargazer call,error,the condition has length > 1
