table_figure,row_label,quantity,value_script
table_2,pub,n,3687
table_2,pub,n_signed,0
table_2,pub,pct_signed,0
table_2,pub,n_tweeted,0
table_2,pub,pct_tweeted,0
table_2,org_enc,n,500
table_2,org_enc,n_signed,22
table_2,org_enc,pct_signed,4.4
table_2,org_enc,n_tweeted,12
table_2,org_enc,pct_tweeted,2.399999999999998
table_2,org_noenc,n,1000
table_2,org_noenc,n_signed,28
table_2,org_noenc,pct_signed,2.799999999999998
table_2,org_noenc,n_tweeted,12
table_2,org_noenc,pct_tweeted,1.199999999999999
table_2,fol_enc,n,500
table_2,fol_enc,n_signed,28
table_2,fol_enc,pct_signed,5.599999999999996
table_2,fol_enc,n_tweeted,25
table_2,fol_enc,pct_tweeted,5.000000000000006
table_2,fol_noenc,n,1000
table_2,fol_noenc,n_signed,31
table_2,fol_noenc,pct_signed,3.1000000000000005
table_2,fol_noenc,n_tweeted,16
table_2,fol_noenc,pct_tweeted,1.5999999999999988
table_2,total,n,6687
table_2,total,n_signed,109
table_2,total,pct_signed,1.6300284133393101
table_2,total,n_tweeted,65
table_2,total,pct_tweeted,0.9720352923583021
table_3,pub,n,3495
table_3,pub,n_signed,0
table_3,pub,pct_signed,0
table_3,pub,n_tweeted,0
table_3,pub,pct_tweeted,0
table_3,org,n,2514
table_3,org,n_signed,107
table_3,org,pct_signed,4.2561654733492444
table_3,org,n_tweeted,28
table_3,org,pct_tweeted,1.1137629276054088
table_3,fol,n,2498
table_3,fol,n_signed,114
table_3,fol,pct_signed,4.563650920736576
table_3,fol,n_tweeted,36
table_3,fol,pct_tweeted,1.4411529223378619
table_3,total,n,8507
table_3,total,n_signed,221
table_3,total,pct_signed,2.597860585400278
table_3,total,n_tweeted,64
table_3,total,pct_tweeted,0.7523216174914917
table_3,signers_enc,n,111
table_3,signers_enc,n_signed,111
table_3,signers_enc,pct_signed,100
table_3,signers_enc,n_tweeted,50
table_3,signers_enc,pct_tweeted,45.04504504504504
table_3,signers_noenc,n,110
table_3,signers_noenc,n_signed,110
table_3,signers_noenc,pct_signed,100
table_3,signers_noenc,n_tweeted,11
table_3,signers_noenc,pct_tweeted,10
table_3,signers_total,n,221
table_3,signers_total,n_signed,221
table_3,signers_total,pct_signed,100
table_3,signers_total,n_tweeted,61
table_3,signers_total,pct_tweeted,27.60180995475114
table_4,m1:treat_fol,coef,0.039333
table_4,m1:treat_org,coef,0.033333
table_4,m1:constant,coef,0
table_4,m1:treat_fol,se,0.0050207190615233575
table_4,m1:treat_org,se,0.004636357624561152
table_4,m1:constant,se,2.347340436459422e-10
table_4,m1,n,6687
table_4,m1,r2,0.020616815573736656
table_4,m2:treat_fol,coef,0.039732
table_4,m2:treat_org,coef,0.0332
table_4,m2:account_male,coef,-0.003649
table_4,m2:account_org,coef,-0.018483
table_4,m2:account_unknown,coef,-0.012069
table_4,m2:centrality,coef,0.001607
table_4,m2:followers,coef,-6.05e-4
table_4,m2:days,coef,-0.001421
table_4,m2:days_missing,coef,0.013635
table_4,m2:constant,coef,0.006411
table_4,m2:treat_fol,se,0.005034981428402406
table_4,m2:treat_org,se,0.004626245594672899
table_4,m2:account_male,se,0.004173703654245011
table_4,m2:account_org,se,0.0039340505867181816
table_4,m2:account_unknown,se,0.00672631067186683
table_4,m2:centrality,se,0.002286656486368995
table_4,m2:followers,se,0.001324276565129026
table_4,m2:days,se,0.0018769624849604206
table_4,m2:days_missing,se,0.014271192106608913
table_4,m2:constant,se,0.002549820039466006
table_4,m2,n,6687
table_4,m2,r2,0.023904567776155235
table_4,m3:treat_fol,coef,0.027333
table_4,m3:treat_org,coef,0.016
table_4,m3:constant,coef,0
table_4,m3:treat_fol,se,0.004211409755600515
table_4,m3:treat_org,se,0.0032408335349617427
table_4,m3:constant,se,4e-5
table_4,m3,n,6687
table_4,m3,r2,0.013560174709011896
table_4,m4:treat_fol,coef,0.027308
table_4,m4:treat_org,coef,0.016044
table_4,m4:account_male,coef,9.38e-4
table_4,m4:account_org,coef,-0.002736
table_4,m4:account_unknown,coef,0.004024
table_4,m4:centrality,coef,-2.9e-4
table_4,m4:followers,coef,-7.53e-4
table_4,m4:days,coef,-7.33e-4
table_4,m4:days_missing,coef,0.010046
table_4,m4:constant,coef,-1.66e-4
table_4,m4:treat_fol,se,0.004205836634732223
table_4,m4:treat_org,se,0.0032430077002821027
table_4,m4:account_male,se,0.0029107091148856783
table_4,m4:account_org,se,0.0030760784185677693
table_4,m4:account_unknown,se,0.006842829911095905
table_4,m4:centrality,se,6.867076445810237e-4
table_4,m4:followers,se,9.650078369035289e-4
table_4,m4:days,se,0.0014291554788233036
table_4,m4:days_missing,se,0.014568858008181992
table_4,m4:constant,se,0.0017833277013192636
table_4,m4,n,6687
table_4,m4,r2,0.014471936718603485
table_5,m1:encouragement,coef,0.453559
table_5,m1:constant,coef,0.186441
table_5,m1:encouragement,se,0.08554076653778638
table_5,m1:constant,se,0.0511388494546518
table_5,m1,n,109
table_5,m1,r2,0.21383452180456475
table_5,m2:encouragement,coef,0.624424
table_5,m2:treat_org,coef,0.052995
table_5,m2:encouragement_x_org,coef,-0.384164
table_5,m2:constant,coef,0.16129
table_5,m2:encouragement,se,0.10365818577653
table_5,m2:treat_org,se,0.10365818577653019
table_5,m2:encouragement_x_org,se,0.16966797749021417
table_5,m2:constant,se,0.06715051611181057
table_5,m2,n,109
table_5,m2,r2,0.2673162387409132
table_6,m1:exposure,coef,0.627535
table_6,m1:constant,coef,0.150433
table_6,m1:exposure,se,0.029382628187416555
table_6,m1:constant,se,0.025112778827397982
table_6,m1,n,1176
table_6,m1,r2,0.373934307322549
table_6,m2:exposure,coef,0.0048
table_6,m2:constant,coef,0.009561
table_6,m2:exposure,se,0.0064940109258308535
table_6,m2:constant,se,0.004776464014579897
table_6,m2,n,1176
table_6,m2,r2,4.394181094890107e-4
table_6,m3:actual_exposure,coef,0.007649
table_6,m3:constant,coef,0.00841
table_6,m3:actual_exposure,se,0.010356837574901176
table_6,m3:constant,se,0.0060190608247582735
table_6,m3,n,1176
table_6,m3,r2,-8.054234654293335e-4
table_6,m4:exposure,coef,-0.003513
table_6,m4:constant,coef,0.011872
table_6,m4:exposure,se,0.010309232917337778
table_6,m4:constant,se,0.009721682395219294
table_6,m4,n,1176
table_6,m4,r2,3.0323934159742435e-4
table_6,m5:actual_exposure,coef,-0.005599
table_6,m5:constant,coef,0.012714
table_6,m5:actual_exposure,se,0.016375673487702583
table_6,m5:constant,se,0.012039813289175298
table_6,m5,n,1176
table_6,m5,r2,0.0013908300598687307
table_7,m1:treat_fol,coef,0.045637
table_7,m1:treat_org,coef,0.042562
table_7,m1:constant,coef,0
table_7,m1:treat_fol,se,0.004176416914507
table_7,m1:treat_org,se,0.004026877481651058
table_7,m1:constant,se,4e-5
table_7,m1,n,8507
table_7,m1,r2,0.018653771894476742
table_7,m2:treat_fol,coef,0.045707
table_7,m2:treat_org,coef,0.042546
table_7,m2:account_male,coef,0.004874
table_7,m2:account_org,coef,-0.019308
table_7,m2:account_unknown,coef,-0.003219
table_7,m2:centrality,coef,-0.00166
table_7,m2:followers,coef,0.00143
table_7,m2:days,coef,-0.001969
table_7,m2:days_missing,coef,-0.018918
table_7,m2:constant,coef,0.002693
table_7,m2:treat_fol,se,0.004176662936251733
table_7,m2:treat_org,se,0.004017197191729024
table_7,m2:account_male,se,0.004388253016309622
table_7,m2:account_org,se,0.004124396574363695
table_7,m2:account_unknown,se,0.00816432313632996
table_7,m2:centrality,se,0.0013741608087941165
table_7,m2:followers,se,0.0019190682110048433
table_7,m2:days,se,0.002069818998060266
table_7,m2:days_missing,se,0.013939156955752735
table_7,m2:constant,se,0.002596840261633525
table_7,m2,n,8507
table_7,m2,r2,0.02221727524156979
table_7,m3:treat_fol,coef,0.014412
table_7,m3:treat_org,coef,0.011138
table_7,m3:constant,coef,-0
table_7,m3:treat_fol,se,0.0023850284804484696
table_7,m3:treat_org,se,0.0020934763555292193
table_7,m3:constant,se,4e-5
table_7,m3,n,8507
table_7,m3,r2,0.0054973394949165
table_7,m4:treat_fol,coef,0.014431
table_7,m4:treat_org,coef,0.01117
table_7,m4:account_male,coef,0.004613
table_7,m4:account_org,coef,-0.003409
table_7,m4:account_unknown,coef,0.002085
table_7,m4:centrality,coef,-9.9e-4
table_7,m4:followers,coef,0.003264
table_7,m4:days,coef,-0.002064
table_7,m4:days_missing,coef,0.002948
table_7,m4:constant,coef,-0.001225
table_7,m4:treat_fol,se,0.0023861738169115502
table_7,m4:treat_org,se,0.002094676438061859
table_7,m4:account_male,se,0.002293861693512857
table_7,m4:account_org,se,0.0024815940825823266
table_7,m4:account_unknown,se,0.004444056499145411
table_7,m4:centrality,se,8.170261443971576e-4
table_7,m4:followers,se,0.0014952304732884238
table_7,m4:days,se,0.0012145986982671725
table_7,m4:days_missing,se,0.012516490914744043
table_7,m4:constant,se,0.0013592509090323993
table_7,m4,n,8507
table_7,m4,r2,0.007646507401395593
table_8,m1:encouragement,coef,0.35045
table_8,m1:constant,coef,0.1
table_8,m1:encouragement,se,0.05546256150961247
table_8,m1:constant,se,0.028734788556634586
table_8,m1,n,221
table_8,m1,r2,0.15364523334810223
table_8,m2:encouragement,coef,0.472222
table_8,m2:treat_org,coef,0.036667
table_8,m2:encouragement_x_org,coef,-0.241345
table_8,m2:constant,coef,0.083333
table_8,m2:encouragement,se,0.07715875664778232
table_8,m2:treat_org,se,0.058735244709939544
table_8,m2:encouragement_x_org,se,0.11034383206992937
table_8,m2:constant,se,0.03598231413236453
table_8,m2,n,221
table_8,m2,r2,0.18078010857060703
table_9,m1:exposure,coef,0.351738
table_9,m1:constant,coef,0.137495
table_9,m1:exposure,se,0.03071713719812342
table_9,m1:constant,se,0.02727009904837796
table_9,m1,n,1975
table_9,m1,r2,0.14154676754055104
table_9,m2:exposure,coef,0.019528
table_9,m2:constant,coef,0.009766
table_9,m2:exposure,se,0.006065286492090575
table_9,m2:constant,se,0.003597278364153932
table_9,m2,n,1975
table_9,m2,r2,0.004861224131215567
table_9,m3:actual_exposure,coef,0.055519
table_9,m3:constant,coef,0.002132
table_9,m3:actual_exposure,se,0.018213431838917427
table_9,m3:constant,se,0.005896083740435402
table_9,m3,n,1975
table_9,m3,r2,-0.05063421041834504
table_9,m4:exposure,coef,0.00443
table_9,m4:constant,coef,0.004355
table_9,m4:exposure,se,0.0033248689651898177
table_9,m4:constant,se,0.0021818752485673483
table_9,m4,n,1975
table_9,m4,r2,7.389322908193982e-4
table_9,m5:actual_exposure,coef,0.012594
table_9,m5:constant,coef,0.002623
table_9,m5:actual_exposure,se,0.009558509138580678
table_9,m5:constant,se,0.003250049818512562
table_9,m5,n,1975
table_9,m5,r2,-0.008095571685603709
table_a2,account_female:pub,mean,0.3089232438296706
table_a2,account_female:pub,se,0.0076104576017574305
table_a2,account_female:fol,mean,0.2873333333333336
table_a2,account_female:fol,se,0.011687871069875093
table_a2,account_female:org,mean,0.30733333333333346
table_a2,account_female:org,se,0.011916978642131143
table_a2,account_male:pub,mean,0.3807973962571172
table_a2,account_male:pub,se,0.007998079314689918
table_a2,account_male:fol,mean,0.37533333333333396
table_a2,account_male:fol,se,0.012506388553505285
table_a2,account_male:org,mean,0.40133333333333315
table_a2,account_male:org,se,0.01266030995768823
table_a2,account_org:pub,mean,0.24491456468673653
table_a2,account_org:pub,se,0.0070831703644703885
table_a2,account_org:fol,mean,0.2540000000000012
table_a2,account_org:fol,se,0.011243084005673787
table_a2,account_org:org,mean,0.23000000000000098
table_a2,account_org:org,se,0.01086947240149472
table_a2,account_unknown:pub,mean,0.06536479522647118
table_a2,account_unknown:pub,se,0.004071133601833733
table_a2,account_unknown:fol,mean,0.08333333333333331
table_a2,account_unknown:fol,se,0.007138620258288922
table_a2,account_unknown:org,mean,0.061333333333333157
table_a2,account_unknown:org,se,0.006197309211640187
table_a2,num_followers:pub,mean,596.2403037700027
table_a2,num_followers:pub,se,14.145594366891775
table_a2,num_followers:fol,mean,616.6026666666667
table_a2,num_followers:fol,se,22.09915578295857
table_a2,num_followers:org,mean,635.7326666666667
table_a2,num_followers:org,se,23.357181286141557
table_a2,days_on_twitter:pub,mean,1631.4378632714945
table_a2,days_on_twitter:pub,se,8.983096159288733
table_a2,days_on_twitter:fol,mean,1637.3621511232054
table_a2,days_on_twitter:fol,se,14.189151209734984
table_a2,days_on_twitter:org,mean,1637.1794177386707
table_a2,days_on_twitter:org,se,14.153273798121646
table_a2,centrality:pub,mean,0.038752985960708294
table_a2,centrality:pub,se,0.0013289453931997009
table_a2,centrality:fol,mean,0.038116923796750433
table_a2,centrality:fol,se,0.0019445008061678784
table_a2,centrality:org,mean,0.03831269652754483
table_a2,centrality:org,se,0.002039639640148586
table_a2,pub,n,3687
table_a2,fol,n,1500
table_a2,org,n,1500
table_a2,account_type,p_value,0.07183590355564326
table_a2,num_followers,p_value,0.31248373186476136
table_a2,days_on_twitter,p_value,0.9101901767219455
table_a2,centrality,p_value,0.9602650511488404
table_a2,omnibus,p_value,0.579
table_a3,account_female:pub,mean,0.31502145922746877
table_a3,account_female:pub,se,0.007858634710408766
table_a3,account_female:fol,mean,0.3294635708566851
table_a3,account_female:fol,se,0.009406013940661505
table_a3,account_female:org,mean,0.3480509148766905
table_a3,account_female:org,se,0.009502371068385309
table_a3,account_male:pub,mean,0.40486409155937103
table_a3,account_male:pub,se,0.008304266097058255
table_a3,account_male:fol,mean,0.3923138510808652
table_a3,account_male:fol,se,0.009771184605292171
table_a3,account_male:org,mean,0.37867939538584017
table_a3,account_male:org,se,0.009676035906811164
table_a3,account_org:pub,mean,0.22403433476395024
table_a3,account_org:pub,se,0.00705370176091982
table_a3,account_org:fol,mean,0.2217774219375499
table_a3,account_org:fol,se,0.00831383320795204
table_a3,account_org:org,mean,0.2143993635640414
table_a3,account_org:org,se,0.008186842113491192
table_a3,account_unknown:pub,mean,0.056080114449213174
table_a3,account_unknown:pub,se,0.0038923381511547037
table_a3,account_unknown:fol,mean,0.05644515612489998
table_a3,account_unknown:fol,se,0.004618358504090001
table_a3,account_unknown:org,mean,0.058870326173429015
table_a3,account_unknown:org,se,0.004695444485191428
table_a3,num_followers:pub,mean,585.5988555078684
table_a3,num_followers:pub,se,14.468971410936193
table_a3,num_followers:fol,mean,580.738190552442
table_a3,num_followers:fol,se,16.998872536025782
table_a3,num_followers:org,mean,581.2812251392204
table_a3,num_followers:org,se,16.995869568427285
table_a3,days_on_twitter:pub,mean,1559.5033131662587
table_a3,days_on_twitter:pub,se,10.066658959971148
table_a3,days_on_twitter:fol,mean,1554.4277035237
table_a3,days_on_twitter:fol,se,12.13126134054063
table_a3,days_on_twitter:org,mean,1552.5861513687496
table_a3,days_on_twitter:org,se,11.987983883653545
table_a3,centrality:pub,mean,0.03210684744416511
table_a3,centrality:pub,se,0.0011309828571442915
table_a3,centrality:fol,mean,0.03091491867012333
table_a3,centrality:fol,se,0.001345247203438581
table_a3,centrality:org,mean,0.030213734821455486
table_a3,centrality:org,se,0.0013430381113481798
table_a3,pub,n,3495
table_a3,fol,n,2498
table_a3,org,n,2514
table_a3,account_type,p_value,0.4254064253845239
table_a3,num_followers,p_value,0.5354491499965262
table_a3,days_on_twitter,p_value,0.6005859699927254
table_a3,centrality,p_value,0.5370804453939257
table_a3,omnibus,p_value,0.117
table_a4,m1:treat_fol,coef,0.039303
table_a4,m1:treat_org,coef,0.033348
table_a4,m1:centrality,coef,0
table_a4,m1:fol_x_centrality,coef,-0.006153
table_a4,m1:org_x_centrality,coef,0.00583
table_a4,m1:constant,coef,0
table_a4,m1:treat_fol,se,0.005015255358947801
table_a4,m1:treat_org,se,0.004641281422198864
table_a4,m1:centrality,se,4e-5
table_a4,m1:fol_x_centrality,se,0.0032382833184794887
table_a4,m1:org_x_centrality,se,0.008658273399589574
table_a4,m1:constant,se,1.0966411022872955e-10
table_a4,m1,n,6687
table_a4,m1,r2,0.021569910639668274
table_a4,m2:treat_fol,coef,0.039377
table_a4,m2:treat_org,coef,0.033379
table_a4,m2:followers,coef,0
table_a4,m2:fol_x_followers,coef,-0.005488
table_a4,m2:org_x_followers,coef,-0.001534
table_a4,m2:constant,coef,0
table_a4,m2:treat_fol,se,0.005025100729102329
table_a4,m2:treat_org,se,0.004644897714043891
table_a4,m2:followers,se,4e-5
table_a4,m2:fol_x_followers,se,0.003308522499550592
table_a4,m2:org_x_followers,se,0.0038590044332143087
table_a4,m2:constant,se,1.0945791580971197e-10
table_a4,m2,n,6687
table_a4,m2,r2,0.02106112572729313
table_a4,m3:treat_fol,coef,0.039346
table_a4,m3:treat_org,coef,0.03333
table_a4,m3:days,coef,0
table_a4,m3:fol_x_days,coef,-0.002069
table_a4,m3:org_x_days,coef,6.33e-4
table_a4,m3:constant,coef,0
table_a4,m3:treat_fol,se,0.005024529208916797
table_a4,m3:treat_org,se,0.004637434292322804
table_a4,m3:days,se,4e-5
table_a4,m3:fol_x_days,se,0.006171107034919932
table_a4,m3:org_x_days,se,0.004602499673425039
table_a4,m3:constant,se,1.2419149235776497e-10
table_a4,m3,n,6687
table_a4,m3,r2,0.020681446577620204
table_a4,m4:treat_fol,coef,0.053364
table_a4,m4:treat_org,coef,0.047722
table_a4,m4:account_male,coef,0
table_a4,m4:account_org,coef,0
table_a4,m4:account_unknown,coef,-0
table_a4,m4:fol_x_male,coef,-0.005407
table_a4,m4:org_x_male,coef,-0.011177
table_a4,m4:fol_x_org,coef,-0.042866
table_a4,m4:org_x_org,coef,-0.036128
table_a4,m4:fol_x_unknown,coef,-0.013364
table_a4,m4:org_x_unknown,coef,-0.025983
table_a4,m4:constant,coef,0
table_a4,m4:treat_fol,se,0.010838832418083116
table_a4,m4:treat_org,se,0.00993948217718035
table_a4,m4:account_male,se,2.9856593243660334e-10
table_a4,m4:account_org,se,4e-5
table_a4,m4:account_unknown,se,4e-5
table_a4,m4:fol_x_male,se,0.014096855087801712
table_a4,m4:org_x_male,se,0.01254503377199686
table_a4,m4:fol_x_org,se,0.012034049798771788
table_a4,m4:org_x_org,se,0.011493764058083417
table_a4,m4:fol_x_unknown,se,0.020667793968928195
table_a4,m4:org_x_unknown,se,0.018234350955590218
table_a4,m4:constant,se,4e-5
table_a4,m4,n,6687
table_a4,m4,r2,0.027337576475251382
table_a4,m5:treat_fol,coef,0.02732
table_a4,m5:treat_org,coef,0.015994
table_a4,m5:centrality,coef,-0
table_a4,m5:fol_x_centrality,coef,-0.002636
table_a4,m5:org_x_centrality,coef,-0.00226
table_a4,m5:constant,coef,0
table_a4,m5:treat_fol,se,0.004209281681174533
table_a4,m5:treat_org,se,0.0032393095534017646
table_a4,m5:centrality,se,4.410148999697326e-11
table_a4,m5:fol_x_centrality,se,0.002300460280947523
table_a4,m5:org_x_centrality,se,0.0012064057815898144
table_a4,m5:constant,se,1.1127671125613755e-10
table_a4,m5,n,6687
table_a4,m5,r2,0.013825266456111304
table_a4,m6:treat_fol,coef,0.027362
table_a4,m6:treat_org,coef,0.01608
table_a4,m6:followers,coef,-0
table_a4,m6:fol_x_followers,coef,-0.003544
table_a4,m6:org_x_followers,coef,-0.002675
table_a4,m6:constant,coef,0
table_a4,m6:treat_fol,se,0.004215377313706475
table_a4,m6:treat_org,se,0.0032571296872684224
table_a4,m6:followers,se,4e-5
table_a4,m6:fol_x_followers,se,0.002634593336676666
table_a4,m6:org_x_followers,se,0.0019363049972100554
table_a4,m6:constant,se,3.7950690743619305e-11
table_a4,m6,n,6687
table_a4,m6,r2,0.014024814112238305
table_a4,m7:treat_fol,coef,0.027356
table_a4,m7:treat_org,coef,0.015997
table_a4,m7:days,coef,0
table_a4,m7:fol_x_days,coef,-0.00387
table_a4,m7:org_x_days,coef,4.5e-4
table_a4,m7:constant,coef,0
table_a4,m7:treat_fol,se,0.004215610500062887
table_a4,m7:treat_org,se,0.0032415450166603244
table_a4,m7:days,se,4e-5
table_a4,m7:fol_x_days,se,0.004879844123683888
table_a4,m7:org_x_days,se,0.0034055867020529765
table_a4,m7:constant,se,4e-5
table_a4,m7,n,6687
table_a4,m7,r2,0.013909156324151576
table_a4,m8:treat_fol,coef,0.027842
table_a4,m8:treat_org,coef,0.015184
table_a4,m8:account_male,coef,-0
table_a4,m8:account_org,coef,-0
table_a4,m8:account_unknown,coef,0
table_a4,m8:fol_x_male,coef,-0.001199
table_a4,m8:org_x_male,coef,0.004749
table_a4,m8:fol_x_org,coef,-0.006845
table_a4,m8:org_x_org,coef,-0.006489
table_a4,m8:fol_x_unknown,coef,0.020158
table_a4,m8:org_x_unknown,coef,0.006555
table_a4,m8:constant,coef,0
table_a4,m8:treat_fol,se,0.007933889300031575
table_a4,m8:treat_org,se,0.005701604718569032
table_a4,m8:account_male,se,1.6981147271393052e-10
table_a4,m8:account_org,se,7.782092236687815e-11
table_a4,m8:account_unknown,se,4e-5
table_a4,m8:fol_x_male,se,0.01044466220107656
table_a4,m8:org_x_male,se,0.008063154868459318
table_a4,m8:fol_x_org,se,0.01081862348221455
table_a4,m8:org_x_org,se,0.007587262075762727
table_a4,m8:fol_x_unknown,se,0.020771680925176582
table_a4,m8:org_x_unknown,se,0.016315837250596363
table_a4,m8:constant,se,4e-5
table_a4,m8,n,6687
table_a4,m8,r2,0.015115638556713256
table_a5,m1:treat_fol,coef,0.045626
table_a5,m1:treat_org,coef,0.042473
table_a5,m1:centrality,coef,0
table_a5,m1:fol_x_centrality,coef,-0.002497
table_a5,m1:org_x_centrality,coef,-0.006091
table_a5,m1:constant,coef,0
table_a5,m1:treat_fol,se,0.0041755583777369955
table_a5,m1:treat_org,se,0.004017490272749121
table_a5,m1:centrality,se,1.988962813723981e-10
table_a5,m1:fol_x_centrality,se,0.0026730885473395674
table_a5,m1:org_x_centrality,se,0.0027383516987747785
table_a5,m1:constant,se,1.6024525651997071e-10
table_a5,m1,n,8507
table_a5,m1,r2,0.019163543335575715
table_a5,m2:treat_fol,coef,0.045633
table_a5,m2:treat_org,coef,0.042554
table_a5,m2:followers,coef,0
table_a5,m2:fol_x_followers,coef,-0.001222
table_a5,m2:org_x_followers,coef,-0.003814
table_a5,m2:constant,coef,0
table_a5,m2:treat_fol,se,0.004176786327466563
table_a5,m2:treat_org,se,0.004026096701151749
table_a5,m2:followers,se,1.6725792135160902e-10
table_a5,m2:fol_x_followers,se,0.0038200102469801963
table_a5,m2:org_x_followers,se,0.0034557764790743603
table_a5,m2:constant,se,2.7899224574822427e-10
table_a5,m2,n,8507
table_a5,m2,r2,0.018840545954940106
table_a5,m3:treat_fol,coef,0.045631
table_a5,m3:treat_org,coef,0.042563
table_a5,m3:days,coef,0
table_a5,m3:fol_x_days,coef,-0.002048
table_a5,m3:org_x_days,coef,2.4e-4
table_a5,m3:constant,coef,0
table_a5,m3:treat_fol,se,0.0041769502029053674
table_a5,m3:treat_org,se,0.004027987631827601
table_a5,m3:days,se,2.5933159628600146e-10
table_a5,m3:fol_x_days,se,0.004898115207726994
table_a5,m3:org_x_days,se,0.004348217295021783
table_a5,m3:constant,se,3.3937790104572067e-10
table_a5,m3,n,8507
table_a5,m3,r2,0.018703417977846998
table_a5,m4:treat_fol,coef,0.043742
table_a5,m4:treat_org,coef,0.052571
table_a5,m4:account_male,coef,0
table_a5,m4:account_org,coef,0
table_a5,m4:account_unknown,coef,0
table_a5,m4:fol_x_male,coef,0.018502
table_a5,m4:org_x_male,coef,-0.001101
table_a5,m4:fol_x_org,coef,-0.025692
table_a5,m4:org_x_org,coef,-0.037729
table_a5,m4:fol_x_unknown,coef,0.005903
table_a5,m4:org_x_unknown,coef,-0.025544
table_a5,m4:constant,coef,-0
table_a5,m4:treat_fol,se,0.007133503400117483
table_a5,m4:treat_org,se,0.00754905191051342
table_a5,m4:account_male,se,1.6553951058869038e-9
table_a5,m4:account_org,se,1.5362846213252717e-9
table_a5,m4:account_unknown,se,5.407335387655273e-10
table_a5,m4:fol_x_male,se,0.010512345828694246
table_a5,m4:org_x_male,se,0.010407932471696978
table_a5,m4:fol_x_org,se,0.009107074431264876
table_a5,m4:org_x_org,se,0.009174237614566495
table_a5,m4:fol_x_unknown,se,0.019694975287760763
table_a5,m4:org_x_unknown,se,0.015358267953250678
table_a5,m4:constant,se,1.5448906095720695e-9
table_a5,m4,n,8507
table_a5,m4,r2,0.0247404959354092
table_a5,m5:treat_fol,coef,0.014417
table_a5,m5:treat_org,coef,0.011117
table_a5,m5:centrality,coef,0
table_a5,m5:fol_x_centrality,coef,0.001234
table_a5,m5:org_x_centrality,coef,-0.001441
table_a5,m5:constant,coef,-0
table_a5,m5:treat_fol,se,0.0023860186678394293
table_a5,m5:treat_org,se,0.0020894229944197953
table_a5,m5:centrality,se,4e-5
table_a5,m5:fol_x_centrality,se,0.0017944896454457368
table_a5,m5:org_x_centrality,se,7.511637613057683e-4
table_a5,m5:constant,se,2.4409490900749166e-10
table_a5,m5,n,8507
table_a5,m5,r2,0.005640394301981557
table_a5,m6:treat_fol,coef,0.014419
table_a5,m6:treat_org,coef,0.011144
table_a5,m6:followers,coef,0
table_a5,m6:fol_x_followers,coef,0.002851
table_a5,m6:org_x_followers,coef,0.003315
table_a5,m6:constant,coef,-0
table_a5,m6:treat_fol,se,0.0023861242466397307
table_a5,m6:treat_org,se,0.002094301947930373
table_a5,m6:followers,se,2.2893224895654516e-10
table_a5,m6:fol_x_followers,se,0.002633192729276577
table_a5,m6:org_x_followers,se,0.0027076515206717147
table_a5,m6:constant,se,4e-5
table_a5,m6,n,8507
table_a5,m6,r2,0.006248972835310422
table_a5,m7:treat_fol,coef,0.014408
table_a5,m7:treat_org,coef,0.011128
table_a5,m7:days,coef,-0
table_a5,m7:fol_x_days,coef,-0.001444
table_a5,m7:org_x_days,coef,-0.001763
table_a5,m7:constant,coef,-0
table_a5,m7:treat_fol,se,0.0023849078244242827
table_a5,m7:treat_org,se,0.002091938451443456
table_a5,m7:days,se,1.6119411625500576e-10
table_a5,m7:fol_x_days,se,0.002762573039025301
table_a5,m7:org_x_days,se,0.002403406567271109
table_a5,m7:constant,se,8.281475198900576e-11
table_a5,m7,n,8507
table_a5,m7,r2,0.005701537672640523
table_a5,m8:treat_fol,coef,0.009721
table_a5,m8:treat_org,coef,0.010286
table_a5,m8:account_male,coef,-0
table_a5,m8:account_org,coef,-0
table_a5,m8:account_unknown,coef,-0
table_a5,m8:fol_x_male,coef,0.009667
table_a5,m8:org_x_male,coef,0.006521
table_a5,m8:fol_x_org,coef,0.00111
table_a5,m8:org_x_org,coef,-0.006575
table_a5,m8:fol_x_unknown,coef,0.011556
table_a5,m8:org_x_unknown,coef,-0.003529
table_a5,m8:constant,coef,-0
table_a5,m8:treat_fol,se,0.0034220634197164967
table_a5,m8:treat_org,se,0.003412843953773215
table_a5,m8:account_male,se,4e-5
table_a5,m8:account_org,se,4e-5
table_a5,m8:account_unknown,se,4e-5
table_a5,m8:fol_x_male,se,0.00557944454710625
table_a5,m8:org_x_male,se,0.005387315487852414
table_a5,m8:fol_x_org,se,0.00557522053390945
table_a5,m8:org_x_org,se,0.004303358212316861
table_a5,m8:fol_x_unknown,se,0.012666991621929092
table_a5,m8:org_x_unknown,se,0.0075697599514634745
table_a5,m8:constant,se,4e-5
table_a5,m8,n,8507
table_a5,m8,r2,0.007385475404643809
text,study1_p_fol_vs_org_signed,p_value,0.3800334506248886
text,study1_p_fol_vs_org_tweeted,p_value,0.03302897808791914
text,study2_p_fol_vs_org_signed,p_value,0.59609364691625355
text,study1_any_dm_signed_pp,estimate,3.633333333332793
text,study1_org_minus_fol_tweeted_pp,estimate,1.1333333333332722
text,study1_first_stage_pp,estimate,62.753524804514285
text,study2_encouragement_fol_pp,estimate,47.22222222222217
text,study2_encouragement_org_pp,estimate,23.08771929824557
text,study1_button_imbalance_p,p_value,0.004662897557347969
text,study1_signers,n,109
text,study1_second_stage_pool,n,1176
text,study2_signers,n,221
text,study2_second_stage_pool,n,1991
text,footnote_11_zero_clicks,percent,51.235709943071015
figure_3,study1_share_male,percent,38.417825631822936
figure_3,study1_share_female,percent,30.372364288918796
figure_3,study1_share_org,percent,24.3606998654105
figure_3,study1_share_unknown,percent,6.849110213847764
figure_3,study2_share_male,percent,39.34406958974962
figure_3,study2_share_female,percent,32.902315739978846
figure_3,study2_share_org,percent,22.052427412718938
figure_3,study2_share_unknown,percent,5.701187257552603
table_a1,study1_types_5_to_7,percent,3.633333333333334
table_a1,study2_types_5_to_7,percent,4.409417398244204
table_a1,type_8_lower,proportion,0.9559058260175579
table_a1,type_8_upper,proportion,0.9636666666666667
text,study1_network_members,n,6687
text,study2_network_members,n,8507
figure_1,network_members,n,6687
text,study1_tweets_total,n,65
text,study1_fol_signed_pp,estimate,3.9333333333332443
text,study1_org_signed_pp,estimate,3.3333333333332207
text,study1_fol_tweeted_pp,estimate,2.7333333333330314
text,study2_fol_signed_pp,estimate,4.563650920735895
text,study2_org_signed_pp,estimate,4.256165473349585
text,study2_button_tweeted_pp,estimate,35.045045045045
text,study2_itt_signed_pp,estimate,1.952820521133582
text,study2_cace_signed_pp,estimate,5.551922576761696
text,d_encouragement_one_third,holds,1
text,d_study1_pub_zero_signed,holds,1
text,d_study1_dm_significant,holds,1
text,d_study1_encouragement_half,holds,1
text,d_study1_organizer_38pp,holds,1
text,d_study1_follower_twice,holds,1
text,d_study1_network_null,holds,1
text,d_study2_larger,holds,1
text,d_study2_follower_more_effective,holds,1
text,d_study2_tweeted_network_null,holds,1
text,d_study2_network_larger_than_main,holds,1
text,d_public_tweet_null,holds,1
text,d_dm_click_4pp,holds,1
text,d_dm_signatures_exceed_tweets,holds,1
text,d_button_35_to_45,holds,1
figure_3,d_study1_org_smaller_signed,holds,1
figure_3,d_study1_no_het_tweeted,holds,1
figure_3,d_study2_org_smaller_signed,holds,1
figure_3,d_no_gender_pattern,holds,1
table_a1,d_types_1_to_4_zero,holds,1
diagnostic,study1_second_stage_sample,n,1176
diagnostic,study2_second_stage_sample,n,1975
