study,dv,account_type,term,estimate,std_error
Study 1,signed,female,treatfol,0.05336426914153161,0.008208141854357111
Study 1,signed,female,treatorg,0.047722342733187824,0.008012041513666279
Study 1,signed,male,treatfol,0.04795737122557857,0.00674416076751635
Study 1,signed,male,treatorg,0.0365448504983405,0.00658638556588669
Study 1,signed,org,treatfol,0.01049868766404232,0.004261365835087759
Study 1,signed,org,treatorg,0.011594202898551046,0.004414957637354652
Study 1,signed,unknown,treatfol,0.039999999999999765,0.013431759462405815
Study 1,signed,unknown,treatorg,0.02173913043478243,0.014933980251526244
Study 1,tweeted,female,treatfol,0.027842227378191624,0.005410030208889932
Study 1,tweeted,female,treatorg,0.015184381778741879,0.005280779425224705
Study 1,tweeted,male,treatfol,0.02664298401420906,0.005056130795606999
Study 1,tweeted,male,treatorg,0.01993355481727634,0.004937845943978736
Study 1,tweeted,org,treatfol,0.020997375328084912,0.004980202871791541
Study 1,tweeted,org,treatorg,0.008695652173913182,0.005159703615059097
Study 1,tweeted,unknown,treatfol,0.04799999999999952,0.014309588439232041
Study 1,tweeted,unknown,treatorg,0.021739130434782546,0.015909986458369992
Study 2,signed,female,treatfol,0.04374240583232003,0.007696745509043288
Study 2,signed,female,treatorg,0.052571428571427756,0.007564739101345466
Study 2,signed,male,treatfol,0.06224489795918998,0.007317756605337442
Study 2,signed,male,treatorg,0.05147058823529585,0.00738106269302435
Study 2,signed,org,treatfol,0.018050541516246108,0.005397056461911966
Study 2,signed,org,treatorg,0.014842300556586335,0.005440859174452518
Study 2,signed,unknown,treatfol,0.04964539007092317,0.016332935365240435
Study 2,signed,unknown,treatorg,0.027027027027027323,0.01610672385528123
Study 2,tweeted,female,treatfol,0.00972053462940477,0.0035750169049478175
Study 2,tweeted,female,treatorg,0.010285714285714408,0.0035137020104217278
Study 2,tweeted,male,treatfol,0.019387755102042898,0.004212812841199946
Study 2,tweeted,male,treatorg,0.01680672268907635,0.004249257986005529
Study 2,tweeted,org,treatfol,0.010830324909747757,0.0036118676757869173
Study 2,tweeted,org,treatorg,0.0037105751391464897,0.0036411817292257725
Study 2,tweeted,unknown,treatfol,0.021276595744680552,0.009970517574168029
Study 2,tweeted,unknown,treatorg,0.006756756756756731,0.009832425688962426
